{"accuracy_score": 0.7333333333333333, "precision_score": 0.717948717948718, "recall_score": 0.7567567567567568, "f1_score": 0.736842105263158}