{"accuracy_score": 0.8111111111111111, "precision_score": 0.7391304347826086, "recall_score": 0.8717948717948718, "f1_score": 0.7999999999999999}